{"Heat Rate Optimization (MAE)": 0.08055811197732639, "Emission Prediction (F1 Score)": 0.15555555555555556}